price,coin,market_cap,volume,timestamp
63327.02654450202,bitcoin,1251095079247.0432,23998847798.757656,2024-09-24 00:00:00
64334.14274876097,bitcoin,1271183646356.5713,31490984593.70592,2024-09-25 00:00:00
63151.89959401337,bitcoin,1245721254991.302,26087643765.748165,2024-09-26 00:00:00
65130.76884023231,bitcoin,1287151352432.846,37995568903.94455,2024-09-27 00:00:00
65791.00212541742,bitcoin,1299708226182.0723,32664917503.931107,2024-09-28 00:00:00
65934.10709441357,bitcoin,1303217687717.8518,15342911002.84781,2024-09-29 00:00:00
65663.68986662335,bitcoin,1297825615076.3352,12948707838.938381,2024-09-30 00:00:00
63243.27532464382,bitcoin,1249577803402.1707,35124446789.27111,2024-10-01 00:00:00
60872.668543725544,bitcoin,1202927109017.5488,54251488433.95029,2024-10-02 00:00:00
60655.55979196848,bitcoin,1198652098493.4897,41870731291.86736,2024-10-03 00:00:00
60727.86395169296,bitcoin,1200491237695.5154,37711138441.76231,2024-10-04 00:00:00
62103.01047283253,bitcoin,1226663492771.043,30349059838.684578,2024-10-05 00:00:00
62091.932585194016,bitcoin,1226761949791.163,11095453162.990673,2024-10-06 00:00:00
62811.79972811266,bitcoin,1241834324867.657,14592422860.685436,2024-10-07 00:00:00
62287.39010510681,bitcoin,1231091696620.0955,33878876147.30253,2024-10-08 00:00:00
62185.230423727575,bitcoin,1229717180592.4397,28626429276.55382,2024-10-09 00:00:00
60597.15045618275,bitcoin,1197736450280.4102,28530748117.898792,2024-10-10 00:00:00
60195.18073772453,bitcoin,1189691671375.1472,29481971885.649742,2024-10-11 00:00:00
62392.34048293159,bitcoin,1233357176570.333,32008659336.482643,2024-10-12 00:00:00
63207.77062127557,bitcoin,1249002272717.2275,17665963646.417107,2024-10-13 00:00:00
62829.533686088886,bitcoin,1241241970951.0295,16784552979.060463,2024-10-14 00:00:00
66049.99492708022,bitcoin,1306085613997.8015,46553796134.14602,2024-10-15 00:00:00
66962.21994496793,bitcoin,1323774576161.621,51797932876.82809,2024-10-16 00:00:00
67647.54414766871,bitcoin,1337304399194.887,40640495380.19594,2024-10-17 00:00:00
67328.10527002988,bitcoin,1330387728623.8188,34512072357.92087,2024-10-18 00:00:00
68465.61920668735,bitcoin,1353541799303.4875,39984956633.228035,2024-10-19 00:00:00
68388.87128965274,bitcoin,1351942347611.1997,14110889435.452631,2024-10-20 00:00:00
68962.82918045693,bitcoin,1362381684459.9053,17253863432.786995,2024-10-21 00:00:00
67394.85775735618,bitcoin,1332326858574.4448,40485496091.95008,2024-10-22 00:00:00
67351.04793512498,bitcoin,1331426858508.4004,31398389967.38113,2024-10-23 00:00:00
66683.96806542306,bitcoin,1318285437546.2786,32676918488.059,2024-10-24 00:00:00
68214.05205157402,bitcoin,1347888109010.5889,35892606570.03549,2024-10-25 00:00:00
66585.66535501445,bitcoin,1313975091942.221,48426924850.053406,2024-10-26 00:00:00
67018.1650170265,bitcoin,1325192118637.2595,21169467789.89267,2024-10-27 00:00:00
67938.55412885673,bitcoin,1343350549900.1233,16533385730.434193,2024-10-28 00:00:00
69845.304531169,bitcoin,1380874923096.4146,41990540384.96554,2024-10-29 00:00:00
72781.11308158132,bitcoin,1439310420089.3665,65487782004.97014,2024-10-30 00:00:00
72342.62171127986,bitcoin,1431085552900.1965,43498144313.67304,2024-10-31 00:00:00
70264.99735573279,bitcoin,1390195908292.9321,45907074188.570145,2024-11-01 00:00:00
69507.92256395647,bitcoin,1374687306836.925,54863092261.31101,2024-11-02 00:00:00
69299.16036699413,bitcoin,1370516856365.7996,14709379754.965973,2024-11-03 00:00:00
68803.50626277467,bitcoin,1362302032218.0198,37659435506.757034,2024-11-04 00:00:00
67793.29782704762,bitcoin,1340192510479.9568,46183110993.79166,2024-11-05 00:00:00
69335.42553133758,bitcoin,1370963795352.6948,40025021601.49395,2024-11-06 00:00:00
75620.88606963192,bitcoin,1496392703840.9058,128492534668.23851,2024-11-07 00:00:00
75987.24178320667,bitcoin,1502620808927.6982,66590396087.4524,2024-11-08 00:00:00
76550.0213845611,bitcoin,1514048743889.1255,50687468387.720375,2024-11-09 00:00:00
76630.22631415377,bitcoin,1519470275068.1016,31430906055.796104,2024-11-10 00:00:00
80466.71654833542,bitcoin,1590846468754.067,93473126207.67865,2024-11-11 00:00:00
88637.42000322911,bitcoin,1756619702929.0437,133959805308.72511,2024-11-12 00:00:00
88264.59974582895,bitcoin,1741113172482.1243,152356811694.44943,2024-11-13 00:00:00
90488.10007497849,bitcoin,1790737763695.3328,136046309843.60645,2024-11-14 00:00:00
87407.51273710128,bitcoin,1726797438787.217,99649391847.08359,2024-11-15 00:00:00
90947.97509443703,bitcoin,1799276211921.9302,84382485697.84985,2024-11-16 00:00:00
90606.45489380708,bitcoin,1790415769635.4927,49255174407.368774,2024-11-17 00:00:00
89841.47194135105,bitcoin,1776887033229.9082,48556083101.64749,2024-11-18 00:00:00
90534.62459650292,bitcoin,1790917617392.4407,77391724184.19348,2024-11-19 00:00:00
92251.65240738312,bitcoin,1825195454018.501,80493234958.49161,2024-11-20 00:00:00
94217.02229634205,bitcoin,1862618759426.145,80747272080.24826,2024-11-21 00:00:00
98509.11859102432,bitcoin,1948284556982.0486,118163852022.3175,2024-11-22 00:00:00
98927.49494553401,bitcoin,1958091000957.8345,85746174563.98602,2024-11-23 00:00:00
97679.46381643033,bitcoin,1931255637661.502,47414200206.70341,2024-11-24 00:00:00
98015.9355289458,bitcoin,1939446484727.4285,50665680246.86775,2024-11-25 00:00:00
93004.70093103287,bitcoin,1838788677873.8657,89476321216.0935,2024-11-26 00:00:00
91931.83077291827,bitcoin,1819990514406.0881,97389239315.52954,2024-11-27 00:00:00
95981.18057210564,bitcoin,1899088665519.225,81469353259.75,2024-11-28 00:00:00
95661.59595817851,bitcoin,1892297852304.72,49067932024.40325,2024-11-29 00:00:00
97453.2473451042,bitcoin,1926826079390.2441,74670031635.5065,2024-11-30 00:00:00
96513.14234698225,bitcoin,1910022814269.8855,43580019720.720634,2024-12-01 00:00:00
97311.70719084324,bitcoin,1925808416477.5068,49147687432.565895,2024-12-02 00:00:00
95833.1362300365,bitcoin,1896576914275.523,101019861361.49252,2024-12-03 00:00:00
96031.63097759831,bitcoin,1900922167493.3643,87935752287.975,2024-12-04 00:00:00
98881.4694561823,bitcoin,1957276192604.2603,98230784298.0459,2024-12-05 00:00:00
97201.50036407741,bitcoin,1920742551503.6094,190460293531.53802,2024-12-06 00:00:00
99973.85150659826,bitcoin,1978389972043.7947,115812632020.44765,2024-12-07 00:00:00
99781.82999198174,bitcoin,1974739091620.7542,61061136199.7846,2024-12-08 00:00:00
101235.3717025316,bitcoin,2003238967638.8286,62677764785.05408,2024-12-09 00:00:00
97353.94700820887,bitcoin,1926047690157.6282,146846843211.51685,2024-12-10 00:00:00
96649.71446771531,bitcoin,1913115778728.2837,125835977742.51114,2024-12-11 00:00:00
101123.61811033697,bitcoin,2001746436338.842,118484957960.76833,2024-12-12 00:00:00
100000.80836535197,bitcoin,1979166149963.3093,100092043319.81221,2024-12-13 00:00:00
101352.22971292294,bitcoin,2005406021235.8357,78802903278.85962,2024-12-14 00:00:00
101367.01064553364,bitcoin,2007646386698.8667,57321924844.41535,2024-12-15 00:00:00
104721.50151808978,bitcoin,2075487816560.1924,70645074624.52869,2024-12-16 00:00:00
106074.10723541168,bitcoin,2097460193710.789,115184737759.33566,2024-12-17 00:00:00
106034.913402645,bitcoin,2100629850064.9119,93417826250.1972,2024-12-18 00:00:00
100355.5761481501,bitcoin,1985284833093.572,113692025885.44745,2024-12-19 00:00:00
97851.35377075805,bitcoin,1937022229972.2085,100611554887.24123,2024-12-20 00:00:00
97691.43431692653,bitcoin,1932373308116.0107,112340864006.62827,2024-12-21 00:00:00
97202.82496847633,bitcoin,1922768195068.165,53058382639.48845,2024-12-22 00:00:00
95094.27394862173,bitcoin,1884599149192.4587,44619017105.36954,2024-12-23 00:00:00
94644.91085464321,bitcoin,1874912975786.6604,64937790292.61125,2024-12-24 00:00:00
98695.71400782601,bitcoin,1951173788529.116,49169088282.15742,2024-12-25 00:00:00
99344.95417367229,bitcoin,1966481159354.1177,33963749856.44743,2024-12-26 00:00:00
95678.31244565405,bitcoin,1894744251986.1084,45049342388.18843,2024-12-27 00:00:00
94331.94727053077,bitcoin,1867708753554.924,41498540807.666954,2024-12-28 00:00:00
95184.61945288602,bitcoin,1885556552231.4314,22429850903.940086,2024-12-29 00:00:00
93663.44751964067,bitcoin,1854872605738.8086,24065314499.502274,2024-12-30 00:00:00
92627.28213113277,bitcoin,1833188187477.531,57595164139.4709,2024-12-31 00:00:00
93507.85874741491,bitcoin,1851839954625.13,45327464907.74362,2025-01-01 00:00:00
94384.1761153871,bitcoin,1869193319140.2422,23275007789.496334,2025-01-02 00:00:00
96852.14681235075,bitcoin,1917905016063.62,45157338602.617516,2025-01-03 00:00:00
98084.34279280754,bitcoin,1942834829349.9563,35721645948.10051,2025-01-04 00:00:00
98256.73876849933,bitcoin,1946611205641.351,20979035420.980793,2025-01-05 00:00:00
98364.58946599838,bitcoin,1948339898718.8586,20060293834.7155,2025-01-06 00:00:00
102229.39453189743,bitcoin,2024825178619.8228,46111387334.46171,2025-01-07 00:00:00
96952.09886774956,bitcoin,1919133187081.3127,60610257147.15405,2025-01-08 00:00:00
95016.71440989176,bitcoin,1885313354913.7239,65790469838.34392,2025-01-09 00:00:00
92376.27578346101,bitcoin,1832933628117.9436,65850881574.76184,2025-01-10 00:00:00
94736.6267420969,bitcoin,1876836759923.398,63433655716.757095,2025-01-11 00:00:00
94559.55167224213,bitcoin,1874286243377.8525,17836423168.41627,2025-01-12 00:00:00
94454.77089638807,bitcoin,1870314882306.9236,19608932595.53299,2025-01-13 00:00:00
94456.3493746993,bitcoin,1870609367804.8223,76328330233.31137,2025-01-14 00:00:00
96574.07768799194,bitcoin,1912603332624.1123,51241728228.81719,2025-01-15 00:00:00
100313.15239828422,bitcoin,1986831430651.8647,57637319739.543396,2025-01-16 00:00:00
100044.57926776377,bitcoin,1980935754458.284,50150102497.2729,2025-01-17 00:00:00
104160.69358484233,bitcoin,2063854663834.0774,69135117732.00064,2025-01-18 00:00:00
104334.61575724394,bitcoin,2067151195362.0425,49416447749.13053,2025-01-19 00:00:00
101275.33714814208,bitcoin,2014842808849.5005,72970313683.92325,2025-01-20 00:00:00
101764.90860170545,bitcoin,2017837068202.1384,120158523166.88387,2025-01-21 00:00:00
106182.2368201815,bitcoin,2098829000928.49,95344290057.8965,2025-01-22 00:00:00
103673.53509537787,bitcoin,2054288661793.9773,55030669602.56557,2025-01-23 00:00:00
104067.60991206947,bitcoin,2062360759045.0,102455227371.20761,2025-01-24 00:00:00
104835.19253555956,bitcoin,2076156720642.786,51418786362.7815,2025-01-25 00:00:00
104796.04077738234,bitcoin,2077647817531.3406,22740744964.719296,2025-01-26 00:00:00
102552.24874280207,bitcoin,2036324005947.406,20639818380.26942,2025-01-27 00:00:00
101958.46953745594,bitcoin,2019295541213.5288,93191643783.24739,2025-01-28 00:00:00
101313.11264498268,bitcoin,2007072201507.5273,45780526813.56264,2025-01-29 00:00:00
103718.97939813645,bitcoin,2056581551171.7,47425401641.53094,2025-01-30 00:00:00
104781.5135100103,bitcoin,2076760153260.6191,42122570869.034325,2025-01-31 00:00:00
102382.39409722165,bitcoin,2028504133577.489,37187819228.35328,2025-02-01 00:00:00
100674.78762544956,bitcoin,1996423711261.7268,22827776122.48367,2025-02-02 00:00:00
97568.31653024875,bitcoin,1933691439792.2544,59784234332.21204,2025-02-03 00:00:00
101466.8606657039,bitcoin,2011121374511.8835,122163969235.23686,2025-02-04 00:00:00
98118.43921664466,bitcoin,1943535291172.1597,73196693057.98114,2025-02-05 00:00:00
96582.88682919052,bitcoin,1912584628590.309,48848958931.79228,2025-02-06 00:00:00
96635.41875332211,bitcoin,1915093756057.5637,44462180396.172516,2025-02-07 00:00:00
96558.4563096667,bitcoin,1911296376425.356,57077722340.22422,2025-02-08 00:00:00
96558.23762501091,bitcoin,1914211835440.1182,20760850644.84597,2025-02-09 00:00:00
96548.57865379585,bitcoin,1913068773356.083,25457107581.051964,2025-02-10 00:00:00
97399.98161383197,bitcoin,1930742951090.367,37054987393.57789,2025-02-11 00:00:00
95739.97737079239,bitcoin,1898788887978.3252,36454577154.5622,2025-02-12 00:00:00
97836.18856127483,bitcoin,1936842454813.9983,47115618235.19051,2025-02-13 00:00:00
96561.6639990985,bitcoin,1914315097486.3862,29084371910.690556,2025-02-14 00:00:00
97488.48148536457,bitcoin,1931656846871.4856,32289906944.92862,2025-02-15 00:00:00
97569.95169430465,bitcoin,1934308378710.2861,14215311318.346336,2025-02-16 00:00:00
96149.3484548204,bitcoin,1905012222220.3691,13634794998.739267,2025-02-17 00:00:00
95776.15723852723,bitcoin,1898997753781.9536,25324374113.08163,2025-02-18 00:00:00
95495.89153299287,bitcoin,1892702154844.508,38311133144.729355,2025-02-19 00:00:00
96554.87156259285,bitcoin,1914337919659.5537,27703222487.389572,2025-02-20 00:00:00
98384.31738240314,bitcoin,1950376106325.3228,24175261969.81266,2025-02-21 00:00:00
96135.15541305285,bitcoin,1906058197506.3809,42477472950.92155,2025-02-22 00:00:00
96564.15414290235,bitcoin,1915260330870.798,18464415570.762142,2025-02-23 00:00:00
96327.46309127835,bitcoin,1909625674815.4763,16643044374.983364,2025-02-24 00:00:00
91396.76686930266,bitcoin,1814176779160.4363,45539703844.38777,2025-02-25 00:00:00
88755.7693356979,bitcoin,1759750360550.3337,96742453402.56294,2025-02-26 00:00:00
83900.11496524839,bitcoin,1664314955447.7466,69277430795.68657,2025-02-27 00:00:00
84709.14477847965,bitcoin,1679555320077.2097,81960688217.70384,2025-02-28 00:00:00
84441.9012237131,bitcoin,1674754437110.342,80695237175.07367,2025-03-01 00:00:00
86005.25629681018,bitcoin,1705564098300.8237,30634474722.6359,2025-03-02 00:00:00
94261.53286538439,bitcoin,1868321705444.4878,61859112550.80991,2025-03-03 00:00:00
86124.71418722175,bitcoin,1708198960874.3418,68715362745.4567,2025-03-04 00:00:00
87310.80531078295,bitcoin,1731441668069.6523,65863356680.42408,2025-03-05 00:00:00
90604.08098523637,bitcoin,1797706868227.531,51606642859.81411,2025-03-06 00:00:00
90001.40087607042,bitcoin,1782785866811.654,47555759124.64708,2025-03-07 00:00:00
86773.33597555371,bitcoin,1720436931689.2776,63216440874.73251,2025-03-08 00:00:00
86142.9833586432,bitcoin,1708605516770.228,18809360803.37126,2025-03-09 00:00:00
80751.13893300897,bitcoin,1602073794580.0344,32013406240.51754,2025-03-10 00:00:00
78783.94057934263,bitcoin,1563547150147.7332,49983692766.22745,2025-03-11 00:00:00
82799.1080292053,bitcoin,1642997419531.6057,56404462275.083046,2025-03-12 00:00:00
83884.24578828987,bitcoin,1662502658717.542,41782186208.59073,2025-03-13 00:00:00
81098.90052436228,bitcoin,1608477373718.186,32583592654.882656,2025-03-14 00:00:00
83971.70916064628,bitcoin,1665725559905.8198,28571483950.074646,2025-03-15 00:00:00
84391.69087647168,bitcoin,1674173293916.4658,10761796127.312485,2025-03-16 00:00:00
82610.61750343916,bitcoin,1638672153483.722,21638031633.118767,2025-03-17 00:00:00
84075.36559694471,bitcoin,1667799227887.438,19659366246.596867,2025-03-18 00:00:00
82780.03048688271,bitcoin,1642578274105.806,24557570268.85276,2025-03-19 00:00:00
86815.44109470697,bitcoin,1721565138141.278,33871216993.304657,2025-03-20 00:00:00
84270.84358966233,bitcoin,1672550706502.8184,27579127651.06656,2025-03-21 00:00:00
84009.532917822,bitcoin,1666749159154.2927,18091004975.919056,2025-03-22 00:00:00
83793.30854192551,bitcoin,1662574363663.653,7771134681.982918,2025-03-23 00:00:00
85787.70914901773,bitcoin,1702009594329.4495,12617587530.619724,2025-03-24 00:00:00
87327.72969669085,bitcoin,1732715331970.134,27270889835.1835,2025-03-25 00:00:00
87520.58391530563,bitcoin,1735368473904.4885,30351832942.705593,2025-03-26 00:00:00
86960.8555491039,bitcoin,1724854479045.6724,25522877558.700558,2025-03-27 00:00:00
87227.27158032371,bitcoin,1729729987159.4822,24620445368.489468,2025-03-28 00:00:00
84359.46915506005,bitcoin,1673182800974.1038,31674486232.097313,2025-03-29 00:00:00
82679.17255385047,bitcoin,1640665503855.1438,16837439419.924389,2025-03-30 00:00:00
82356.38111183756,bitcoin,1633996304187.2593,13428975108.070734,2025-03-31 00:00:00
82514.09365397849,bitcoin,1635076581047.3545,30326148749.91535,2025-04-01 00:00:00
85237.5876052852,bitcoin,1690602036035.04,29172899851.734768,2025-04-02 00:00:00
82526.4221526433,bitcoin,1637358764747.381,46332905657.77597,2025-04-03 00:00:00
83163.98757387721,bitcoin,1652537223074.958,36594464539.14662,2025-04-04 00:00:00
83852.00765399594,bitcoin,1664234880198.049,35647289400.47406,2025-04-05 00:00:00
83595.88550177493,bitcoin,1656020067997.187,14910400035.531416,2025-04-06 00:00:00
78211.48358199988,bitcoin,1555325260787.2627,36140377231.68329,2025-04-07 00:00:00
79179.29226757778,bitcoin,1581407565278.352,82909748172.59216,2025-04-08 00:00:00
76329.090356324,bitcoin,1515042499757.3254,47812787635.22632,2025-04-09 00:00:00
82622.17029546302,bitcoin,1640567909122.172,87408220482.11568,2025-04-10 00:00:00
79596.35732250768,bitcoin,1580023209138.0547,41213520154.25157,2025-04-11 00:00:00
83439.28818043756,bitcoin,1655868880454.1702,39813566443.76779,2025-04-12 00:00:00
85305.09728392666,bitcoin,1693600655371.0874,22428929482.069122,2025-04-13 00:00:00
83600.82010054543,bitcoin,1658923208081.8682,28731125717.934357,2025-04-14 00:00:00
84523.4524914945,bitcoin,1677843510120.269,33155578229.343513,2025-04-15 00:00:00
83656.49248858042,bitcoin,1660749023283.0562,25084671427.622566,2025-04-16 00:00:00
84105.77942167096,bitcoin,1670497569762.047,26948109141.803364,2025-04-17 00:00:00
84930.90857600998,bitcoin,1686226810049.1836,19323821375.14309,2025-04-18 00:00:00
84433.75017215389,bitcoin,1676373197914.5117,9550691272.782005,2025-04-19 00:00:00
85126.66244301842,bitcoin,1690090596771.3958,12635983530.804455,2025-04-20 00:00:00
85073.16544858096,bitcoin,1689008667806.3804,12625843856.313684,2025-04-21 00:00:00
87452.04699068287,bitcoin,1735703747771.06,40070025414.28289,2025-04-22 00:00:00
93576.16588573981,bitcoin,1858587811717.8286,53841992235.36636,2025-04-23 00:00:00
93605.45230873208,bitcoin,1858660302322.256,39901515879.65954,2025-04-24 00:00:00
93872.81422867288,bitcoin,1864298110563.3408,30031246761.093452,2025-04-25 00:00:00
94773.11200643536,bitcoin,1882121595175.8462,39336184715.04292,2025-04-26 00:00:00
94644.06637120107,bitcoin,1879131951239.1846,15445392739.787264,2025-04-27 00:00:00
93809.33781968223,bitcoin,1862772247122.064,15926259371.057959,2025-04-28 00:00:00
95030.60645474444,bitcoin,1887067388174.3481,31913814736.53902,2025-04-29 00:00:00
94256.35946318062,bitcoin,1870818389258.4038,25882629766.278946,2025-04-30 00:00:00
94235.75331048167,bitcoin,1871350362569.0933,26541700309.366146,2025-05-01 00:00:00
96426.94522273027,bitcoin,1914884389769.3945,30207566405.468834,2025-05-02 00:00:00
96855.5681343944,bitcoin,1923251765866.1472,23276376191.483967,2025-05-03 00:00:00
95922.86842404422,bitcoin,1904894886394.57,13797554863.642815,2025-05-04 00:00:00
94326.62048529249,bitcoin,1872812442453.0322,14903122945.616686,2025-05-05 00:00:00
94758.8237105546,bitcoin,1882511286487.958,24086456278.203846,2025-05-06 00:00:00
96854.53198815876,bitcoin,1923643840814.599,23348052607.071873,2025-05-07 00:00:00
97026.49376966801,bitcoin,1927134557858.269,64376174032.08048,2025-05-08 00:00:00
103076.27555512934,bitcoin,2047883753852.6929,50020047720.65604,2025-05-09 00:00:00
102962.54045692299,bitcoin,2045046445523.5242,40800894903.23446,2025-05-10 00:00:00
104630.8792994166,bitcoin,2077132539531.3464,21558992540.042442,2025-05-11 00:00:00
103994.061616746,bitcoin,2065659960471.3655,27389436049.454792,2025-05-12 00:00:00
102876.8304286011,bitcoin,2044347271866.1707,43090605819.36596,2025-05-13 00:00:00
104184.49039270742,bitcoin,2069356072124.024,33861432519.50822,2025-05-14 00:00:00
103594.42575090709,bitcoin,2057798367292.5637,28398245846.798244,2025-05-15 00:00:00
103708.85136423641,bitcoin,2060142559914.034,31823340473.339912,2025-05-16 00:00:00
103556.03493982446,bitcoin,2057725640290.0767,25887953182.14765,2025-05-17 00:00:00
103212.36483885496,bitcoin,2050318521477.805,18950056010.479057,2025-05-18 00:00:00
106030.6376831359,bitcoin,2104889720872.8306,30744060179.802963,2025-05-19 00:00:00
105629.41580436694,bitcoin,2098485415895.0496,43339734153.75087,2025-05-20 00:00:00
106786.71995834043,bitcoin,2121778617273.821,36393687094.25122,2025-05-21 00:00:00
109665.86371625263,bitcoin,2178838967665.505,60722883113.84,2025-05-22 00:00:00
111560.356938144,bitcoin,2214712145787.249,52218408239.45193,2025-05-23 00:00:00
107216.66856870624,bitcoin,2131595896624.4407,49251745837.96465,2025-05-24 00:00:00
107831.36374380375,bitcoin,2142540077685.2197,27128230116.517162,2025-05-25 00:00:00
108861.81037744327,bitcoin,2163072841533.6133,29652659665.048733,2025-05-26 00:00:00
109377.71513263129,bitcoin,2173059855839.4187,27950577137.918888,2025-05-27 00:00:00
109068.45694901445,bitcoin,2167551887130.0073,38978783508.88622,2025-05-28 00:00:00
107838.18431100152,bitcoin,2143342706888.307,29794278037.284946,2025-05-29 00:00:00
105745.41660358038,bitcoin,2101348752694.3137,38279231892.56757,2025-05-30 00:00:00
104010.91956242644,bitcoin,2066830946978.0637,39680060337.610214,2025-05-31 00:00:00
104687.50742934884,bitcoin,2080467809295.7695,20432694555.09522,2025-06-01 00:00:00
105710.00593822816,bitcoin,2101178071590.9749,17721500507.53389,2025-06-02 00:00:00
105884.74263221149,bitcoin,2104229403094.936,26313843058.73954,2025-06-03 00:00:00
105434.47745144971,bitcoin,2095294001281.4797,25925661121.080395,2025-06-04 00:00:00
104812.9182188067,bitcoin,2083148839111.2068,25812143562.797962,2025-06-05 00:00:00
101650.7387545425,bitcoin,2020294099992.3677,39711941132.0234,2025-06-06 00:00:00
104409.74967959142,bitcoin,2075175500201.4253,29897390978.090103,2025-06-07 00:00:00
105681.4546141758,bitcoin,2100553336902.5076,17749731308.73042,2025-06-08 00:00:00
105692.24740699006,bitcoin,2100654769399.4705,16044679696.270103,2025-06-09 00:00:00
110261.57485948496,bitcoin,2191877481230.9468,38222993297.50514,2025-06-10 00:00:00
110212.73252109604,bitcoin,2189350055406.3333,36303839182.734825,2025-06-11 00:00:00
108679.9760916168,bitcoin,2159529375273.4956,30338936631.626648,2025-06-12 00:00:00
105979.22902375912,bitcoin,2107911943768.2988,35865159511.38857,2025-06-13 00:00:00
106045.56440819203,bitcoin,2107973087547.7922,49471015505.74361,2025-06-14 00:00:00
105482.90611628917,bitcoin,2097486541223.27,17916412455.866283,2025-06-15 00:00:00
105554.49383061715,bitcoin,2098499110552.6216,16568441852.649668,2025-06-16 00:00:00
106951.2720181497,bitcoin,2127895470544.7178,32095957011.724205,2025-06-17 00:00:00
104683.42479835715,bitcoin,2080968120976.949,38603212010.889435,2025-06-18 00:00:00
104722.695052907,bitcoin,2081677732261.6853,30339326410.154945,2025-06-19 00:00:00
104690.65002458123,bitcoin,2081355279873.408,18063282658.152298,2025-06-20 00:00:00
103290.105144757,bitcoin,2054120245608.2085,30632751225.407444,2025-06-21 00:00:00
101532.5683847329,bitcoin,2017415966695.5278,21644463198.719532,2025-06-22 00:00:00
100852.58264648831,bitcoin,2005179769771.7349,51287142390.02526,2025-06-23 00:00:00
105511.62437933135,bitcoin,2097741233586.5918,50011797128.6837,2025-06-24 00:00:00
105976.06929808448,bitcoin,2107110352429.8032,31704641076.941063,2025-06-25 00:00:00
107238.53045016268,bitcoin,2132141147369.0017,30468274982.034847,2025-06-26 00:00:00
106984.01253775663,bitcoin,2127292099754.93,24320699663.15122,2025-06-27 00:00:00
107078.91560644074,bitcoin,2129020567385.9595,25194306261.888832,2025-06-28 00:00:00
107331.58548463577,bitcoin,2134239999929.6584,8960877693.57604,2025-06-29 00:00:00
108396.61631317894,bitcoin,2155183166489.813,14881078675.366829,2025-06-30 00:00:00
107132.79910701896,bitcoin,2130471589191.581,22489515582.41552,2025-07-01 00:00:00
105613.39974163055,bitcoin,2100087563077.9324,25033160828.30909,2025-07-02 00:00:00
108824.44423167943,bitcoin,2163835371770.0977,36395184773.06136,2025-07-03 00:00:00
109602.20483914016,bitcoin,2179664531219.9346,29892049537.628605,2025-07-04 00:00:00
108040.8919400104,bitcoin,2148601712907.3433,24248906784.57383,2025-07-05 00:00:00
108217.46849992426,bitcoin,2152344091389.654,10042942280.966904,2025-07-06 00:00:00
109215.19771840284,bitcoin,2171497503296.0474,14638669497.351297,2025-07-07 00:00:00
108300.71675785031,bitcoin,2153777588647.4504,25493246475.80407,2025-07-08 00:00:00
108953.19187727802,bitcoin,2167049398056.7417,20488865138.27645,2025-07-09 00:00:00
111327.53054245669,bitcoin,2215210888568.426,37078460440.66385,2025-07-10 00:00:00
115879.65030112496,bitcoin,2303292356999.7437,56204086624.04028,2025-07-11 00:00:00
117571.02510036016,bitcoin,2338612196961.7437,64185145923.88688,2025-07-12 00:00:00
117418.95745007684,bitcoin,2335485977830.673,24351256098.393543,2025-07-13 00:00:00
119117.55666327637,bitcoin,2369050366835.5605,27310851454.97692,2025-07-14 00:00:00
119833.67446712355,bitcoin,2383825813673.847,68915956378.80447,2025-07-15 00:00:00
117678.19493404306,bitcoin,2341223394839.9204,80299520980.2335,2025-07-16 00:00:00
118748.1627367753,bitcoin,2363194640209.576,50374263848.76278,2025-07-17 00:00:00
119445.36520434043,bitcoin,2376237382764.3013,49282617205.72662,2025-07-18 00:00:00
117988.94664455787,bitcoin,2347165317624.536,58896449260.69391,2025-07-19 00:00:00
117901.62655900871,bitcoin,2345398337785.541,23934511126.349533,2025-07-20 00:00:00
117256.9208222684,bitcoin,2333757287859.664,36702153882.06748,2025-07-21 00:00:00
117482.46977767294,bitcoin,2337365497467.1313,46344384345.39471,2025-07-22 00:00:00
119955.79570607653,bitcoin,2387516761560.4927,58939000420.94166,2025-07-23 00:00:00
118629.05588130427,bitcoin,2359931875300.5244,45225685167.61703,2025-07-24 00:00:00
118354.43517438594,bitcoin,2354764508342.9937,51940414419.3327,2025-07-25 00:00:00
117540.80837085741,bitcoin,2338855554998.7812,91617702596.10347,2025-07-26 00:00:00
117959.54234360624,bitcoin,2346959472845.027,25145925063.881348,2025-07-27 00:00:00
119418.91405141471,bitcoin,2376524838793.0137,30220402191.467663,2025-07-28 00:00:00
118003.30201607826,bitcoin,2349472897426.4688,43433742203.62158,2025-07-29 00:00:00
117853.30892863822,bitcoin,2345126504020.1143,42860287143.68828,2025-07-30 00:00:00
117833.24087995925,bitcoin,2343717963709.7124,43054424656.58649,2025-07-31 00:00:00
115700.00243915782,bitcoin,2302199162425.1206,45238249453.35885,2025-08-01 00:00:00
113234.6051343189,bitcoin,2253609880959.403,65794680822.25255,2025-08-02 00:00:00
112554.90232221723,bitcoin,2240413983638.112,33543439044.09785,2025-08-03 00:00:00
114199.10966460757,bitcoin,2272802075267.0376,24689273719.085533,2025-08-04 00:00:00
115138.68613070177,bitcoin,2292395156144.1514,32488023582.82734,2025-08-05 00:00:00
114128.35408881678,bitcoin,2271583255077.356,37316213251.97167,2025-08-06 00:00:00
115022.09576830892,bitcoin,2289295036528.6577,32052509631.058872,2025-08-07 00:00:00
117463.47451085235,bitcoin,2337732858703.5435,38289687095.00489,2025-08-08 00:00:00
116688.36663186055,bitcoin,2323026541073.3213,33017415812.97353,2025-08-09 00:00:00
116510.08393213755,bitcoin,2318815857401.68,27638785406.21056,2025-08-10 00:00:00
119266.92516880555,bitcoin,2374097296837.8896,37157754754.85189,2025-08-11 00:00:00
118773.79960860992,bitcoin,2364060561672.9995,61739781527.95854,2025-08-12 00:00:00
120202.53485503166,bitcoin,2392854421745.6157,46941089789.57991,2025-08-13 00:00:00
123560.99363577305,bitcoin,2458895200752.567,61818118105.53991,2025-08-14 00:00:00
118405.59579823953,bitcoin,2360043737045.272,73822008367.99681,2025-08-15 00:00:00
117339.79190213277,bitcoin,2335290383260.173,44268714220.021,2025-08-16 00:00:00
117501.21653394958,bitcoin,2339465736068.208,23202714236.542347,2025-08-17 00:00:00
117542.83687778088,bitcoin,2340648324181.828,20906566026.645443,2025-08-18 00:00:00
116256.41276740946,bitcoin,2313556987528.4634,47337926940.98573,2025-08-19 00:00:00
112778.34483555844,bitcoin,2245419916215.7417,46156885037.403885,2025-08-20 00:00:00
114252.39755195397,bitcoin,2274471285844.184,42166369117.006935,2025-08-21 00:00:00
112414.39987336512,bitcoin,2238121481749.57,32048202090.65466,2025-08-22 00:00:00
116834.24948202295,bitcoin,2326174803320.612,50878158870.82928,2025-08-23 00:00:00
115359.98346714744,bitcoin,2296786080139.701,27306719885.257973,2025-08-24 00:00:00
113399.54847314971,bitcoin,2259663171125.389,40682656776.69001,2025-08-25 00:00:00
110185.35443900425,bitcoin,2194453712375.598,52854872363.936554,2025-08-26 00:00:00
111842.70999260596,bitcoin,2227025695775.593,43023800053.0546,2025-08-27 00:00:00
111216.08479629169,bitcoin,2215255294289.9937,36957904262.995804,2025-08-28 00:00:00
112525.59740669793,bitcoin,2239422945686.892,34222495087.206894,2025-08-29 00:00:00
108480.30666639366,bitcoin,2160278651486.2852,51702115726.38959,2025-08-30 00:00:00
108781.95727925687,bitcoin,2166165747945.1812,27799981330.792213,2025-08-31 00:00:00
108253.36092385623,bitcoin,2155694976689.5986,26140904019.246822,2025-09-01 00:00:00
109162.68557992298,bitcoin,2174100506466.4321,42999610648.39302,2025-09-02 00:00:00
111190.18209845416,bitcoin,2212595221503.454,50235464642.845955,2025-09-03 00:00:00
111711.51977725117,bitcoin,2225365905592.233,36406080683.42747,2025-09-04 00:00:00
110724.736377486,bitcoin,2204051936301.3257,38708366685.43147,2025-09-05 00:00:00
110662.18112628513,bitcoin,2204045604630.5625,56020470627.40665,2025-09-06 00:00:00
110209.1888247784,bitcoin,2195288669199.568,19340758702.076332,2025-09-07 00:00:00
111131.9923868407,bitcoin,2213764479139.3647,22147049159.335133,2025-09-08 00:00:00
112025.12878118771,bitcoin,2231763512226.867,37159847899.8603,2025-09-09 00:00:00
111547.43956434788,bitcoin,2222026777598.0474,45338021458.38368,2025-09-10 00:00:00
113975.32489468766,bitcoin,2270241314652.7144,52205187155.05567,2025-09-11 00:00:00
115503.16663193036,bitcoin,2299764311655.674,43752917632.95067,2025-09-12 00:00:00
116160.14344594491,bitcoin,2314347371939.946,51192951485.864395,2025-09-13 00:00:00
115970.58488443034,bitcoin,2310166037871.29,30063858747.76022,2025-09-14 00:00:00
115373.55555886829,bitcoin,2297459118244.424,26889399414.610912,2025-09-15 00:00:00
115397.25272727509,bitcoin,2297977599504.5527,46947581231.08198,2025-09-16 00:00:00
116762.8496864193,bitcoin,2325326932460.9644,39964451595.099724,2025-09-17 00:00:00
116455.94648225319,bitcoin,2321583680138.891,54740952295.37868,2025-09-18 00:00:00
117145.49508952006,bitcoin,2333705338232.097,43642467075.25838,2025-09-19 00:00:00
115655.81046441344,bitcoin,2303469041668.8,34296721252.33001,2025-09-20 00:00:00
115715.51536781774,bitcoin,2305371926506.302,18774953731.290394,2025-09-21 00:00:00
115304.47999407038,bitcoin,2297332085237.645,18659113982.495464,2025-09-22 00:00:00
112696.74101711863,bitcoin,2245929069310.8535,69152342029.46799,2025-09-23 00:00:00
112192.80590199969,bitcoin,2231775386766.645,66743119628.10388,2025-09-23 04:38:02
2647.9931622033255,ethereum,318666137823.1156,19740370943.835594,2024-09-24 00:00:00
2653.844345308008,ethereum,319524635350.52515,16584773336.25631,2024-09-25 00:00:00
2578.566359563475,ethereum,309875035203.6359,14003678832.756735,2024-09-26 00:00:00
2630.94983700893,ethereum,316828988137.27673,16686162392.966532,2024-09-27 00:00:00
2698.1928212346033,ethereum,324681649929.6723,16468123574.12263,2024-09-28 00:00:00
2680.218702062471,ethereum,322761939149.4107,9607072594.439383,2024-09-29 00:00:00
2659.611211611689,ethereum,320146112155.9396,9570811494.068226,2024-09-30 00:00:00
2597.3411516834435,ethereum,312577514239.3695,17539259209.42195,2024-10-01 00:00:00
2451.631522589772,ethereum,295243912099.71765,26538568534.282005,2024-10-02 00:00:00
2365.231040243019,ethereum,284621591999.18945,20613586399.40693,2024-10-03 00:00:00
2348.0048369247393,ethereum,282601960212.3656,18771995105.191242,2024-10-04 00:00:00
2416.9184055552637,ethereum,290928251441.44226,15230883994.399237,2024-10-05 00:00:00
2415.4038137445546,ethereum,290706276902.6144,7362867897.959902,2024-10-06 00:00:00
2438.030912544012,ethereum,293516242471.9333,7641011283.520121,2024-10-07 00:00:00
2422.7506412955013,ethereum,291612805733.03143,16943828822.371426,2024-10-08 00:00:00
2441.4651696200294,ethereum,294190554781.40424,13601054198.545612,2024-10-09 00:00:00
2367.615096789395,ethereum,285084590935.4484,14384326799.317202,2024-10-10 00:00:00
2381.7817088014776,ethereum,286552629874.8065,14686776834.298496,2024-10-11 00:00:00
2435.7137843692162,ethereum,293162664953.97815,13097241431.234644,2024-10-12 00:00:00
2477.6130275578225,ethereum,298282533565.2097,8538997411.470292,2024-10-13 00:00:00
2466.8607267086663,ethereum,296977636559.92773,7516544091.44527,2024-10-14 00:00:00
2628.504376157751,ethereum,316451494816.54065,21502937840.286705,2024-10-15 00:00:00
2602.0760435960988,ethereum,313216116600.22363,21986428173.14599,2024-10-16 00:00:00
2611.700159182395,ethereum,314435102932.4304,16135687550.25065,2024-10-17 00:00:00
2603.1202923346113,ethereum,313194633306.5954,14330391810.475258,2024-10-18 00:00:00
2643.156520987104,ethereum,318245706033.605,16301885114.203026,2024-10-19 00:00:00
2649.979289580214,ethereum,318975355966.1185,7337169826.464913,2024-10-20 00:00:00
2742.9591411600395,ethereum,330127637903.2564,12697856633.571321,2024-10-21 00:00:00
2665.731938974013,ethereum,320871813296.62164,17340865615.868176,2024-10-22 00:00:00
2619.5653130506435,ethereum,315286963217.6233,15418370745.51069,2024-10-23 00:00:00
2524.1038563091197,ethereum,303758669310.65466,19004341635.326817,2024-10-24 00:00:00
2536.234041319884,ethereum,305016120148.3843,16708110976.636312,2024-10-25 00:00:00
2422.09328922875,ethereum,290598017399.4684,23734197478.807434,2024-10-26 00:00:00
2479.3736032443317,ethereum,298518432454.89374,13434262241.34632,2024-10-27 00:00:00
2505.502947138879,ethereum,301656245036.7335,8656317174.654642,2024-10-28 00:00:00
2564.8138556782997,ethereum,308760527470.31,19560694034.693996,2024-10-29 00:00:00
2638.637351278122,ethereum,317633905084.8851,22541317733.245987,2024-10-30 00:00:00
2657.6141818494384,ethereum,320125387602.99,22790792400.863556,2024-10-31 00:00:00
2514.750787241073,ethereum,302903644448.69275,20097565241.562813,2024-11-01 00:00:00
2513.8372870612066,ethereum,302633410028.4328,20396109310.40712,2024-11-02 00:00:00
2491.352150058657,ethereum,299972542553.578,8253307127.229915,2024-11-03 00:00:00
2456.979687344711,ethereum,296080479788.81036,14546539750.496363,2024-11-04 00:00:00
2395.9472139132804,ethereum,288417039274.4664,17316680977.698635,2024-11-05 00:00:00
2422.368479855642,ethereum,291680535424.015,18024855703.904736,2024-11-06 00:00:00
2720.6217450068793,ethereum,327447580506.6538,42388106411.06861,2024-11-07 00:00:00
2894.9718733838376,ethereum,348640981227.00085,36844374455.9351,2024-11-08 00:00:00
2960.9593369382137,ethereum,356482981903.24994,33688997426.40259,2024-11-09 00:00:00
3130.035524073996,ethereum,376942816358.42664,30583711140.36284,2024-11-10 00:00:00
3191.9044555518153,ethereum,384143201744.36383,47726595161.32535,2024-11-11 00:00:00
3372.7914863430115,ethereum,407462829811.2162,62390436438.24982,2024-11-12 00:00:00
3260.934386131155,ethereum,392233485413.7434,60074013245.45247,2024-11-13 00:00:00
3191.8991843987947,ethereum,384320615296.6757,65592582441.25777,2024-11-14 00:00:00
3059.812296932496,ethereum,367484509623.6447,37531565153.535194,2024-11-15 00:00:00
3093.913043390382,ethereum,372487751993.49884,33076552515.401417,2024-11-16 00:00:00
3133.8802234191417,ethereum,376904025324.19116,26503107468.25979,2024-11-17 00:00:00
3075.534532601624,ethereum,370225690651.5099,28547657381.28478,2024-11-18 00:00:00
3209.4239073326826,ethereum,386129534586.85486,35364731417.99857,2024-11-19 00:00:00
3112.9098010150224,ethereum,374925759373.2606,29767245881.040333,2024-11-20 00:00:00
3075.193856649331,ethereum,370266265216.9245,29508936260.346874,2024-11-21 00:00:00
3365.9369715466096,ethereum,405284044226.11957,55714132904.97961,2024-11-22 00:00:00
3327.7571951719624,ethereum,400787854559.3274,36536922518.79305,2024-11-23 00:00:00
3394.036961782547,ethereum,408448492183.1955,42885423857.47691,2024-11-24 00:00:00
3368.7027619429946,ethereum,405718851021.4928,30123422893.99126,2024-11-25 00:00:00
3417.291223691937,ethereum,411314588853.17755,53625394443.87371,2024-11-26 00:00:00
3325.636532587645,ethereum,400706261382.18384,41896722105.13149,2024-11-27 00:00:00
3666.1884904377557,ethereum,441632729137.7082,48465294233.32744,2024-11-28 00:00:00
3579.2407862474997,ethereum,431207272220.64014,33082767875.13153,2024-11-29 00:00:00
3598.1933212253616,ethereum,433361301691.3607,28800628431.21762,2024-11-30 00:00:00
3709.9094391073327,ethereum,446851521665.9131,31961998508.230377,2024-12-01 00:00:00
3708.8072387383017,ethereum,446664514864.58777,29705280034.459038,2024-12-02 00:00:00
3643.855375704235,ethereum,438825980701.30023,49031522663.40944,2024-12-03 00:00:00
3625.7104579497204,ethereum,436691206026.36835,39557549415.34987,2024-12-04 00:00:00
3839.443460715871,ethereum,462490222624.56714,59744855714.19937,2024-12-05 00:00:00
3796.8688671601276,ethereum,457067221118.4413,64995601294.502495,2024-12-06 00:00:00
4013.726145388712,ethereum,483422504163.839,55954471926.67034,2024-12-07 00:00:00
4000.992076502189,ethereum,481889176555.6843,21959792763.543846,2024-12-08 00:00:00
4015.7820212328807,ethereum,483642898147.5037,20728146237.12733,2024-12-09 00:00:00
3713.3138979971745,ethereum,446571271919.9886,59141397866.09827,2024-12-10 00:00:00
3626.5886417774996,ethereum,436749626813.98615,63643513993.15369,2024-12-11 00:00:00
3828.1075883404096,ethereum,461075934206.2153,38471623681.40909,2024-12-12 00:00:00
3878.850012073054,ethereum,466883095805.38696,47474608675.336655,2024-12-13 00:00:00
3907.4296595053356,ethereum,470469907671.53613,36218321642.49857,2024-12-14 00:00:00
3866.9958020348054,ethereum,465713274663.6432,28647722345.409325,2024-12-15 00:00:00
3961.3154661802305,ethereum,477323245356.1555,24816850994.80954,2024-12-16 00:00:00
3992.857195846062,ethereum,480940541314.61334,50679799770.94302,2024-12-17 00:00:00
3879.4062240100893,ethereum,467508439297.98755,32823036037.584606,2024-12-18 00:00:00
3628.2624780444953,ethereum,436893612673.4018,50734709374.83128,2024-12-19 00:00:00
3434.6754695380805,ethereum,413858693686.69867,64452959600.863884,2024-12-20 00:00:00
3468.658920056454,ethereum,417562064054.3703,72936574193.4554,2024-12-21 00:00:00
3337.5972231166807,ethereum,401314595520.45166,32479699770.041058,2024-12-22 00:00:00
3275.8894274015142,ethereum,394984656581.5222,25811397925.979923,2024-12-23 00:00:00
3414.6414419807993,ethereum,411423031050.5532,35528067791.09896,2024-12-24 00:00:00
3497.555287927574,ethereum,420708095541.6798,24085249644.32143,2024-12-25 00:00:00
3494.5109273631047,ethereum,421029544401.6013,17503804977.00058,2024-12-26 00:00:00
3327.7897761683494,ethereum,401038436756.22626,21239977785.94795,2024-12-27 00:00:00
3328.6111553091764,ethereum,400705550098.4306,24582312087.174118,2024-12-28 00:00:00
3397.8341205085153,ethereum,409451576910.996,13861298668.649797,2024-12-29 00:00:00
3357.330742971463,ethereum,404459649875.75726,11315432322.371536,2024-12-30 00:00:00
3359.513941757392,ethereum,404631151447.3196,27664137021.813133,2024-12-31 00:00:00
3336.6175137659498,ethereum,401972899891.29846,21466394178.61746,2025-01-01 00:00:00
3348.967247123586,ethereum,403374380145.697,13440599794.35101,2025-01-02 00:00:00
3448.140436960939,ethereum,415300548992.1061,22683249623.05199,2025-01-03 00:00:00
3604.2913795931763,ethereum,434290507752.4077,22019312215.306797,2025-01-04 00:00:00
3660.37804173532,ethereum,441117087325.0027,15951962220.78043,2025-01-05 00:00:00
3635.8549961807084,ethereum,438092711283.22925,12542101206.558632,2025-01-06 00:00:00
3687.1447140588307,ethereum,444015369643.70074,24440100572.59286,2025-01-07 00:00:00
3380.0211263090155,ethereum,406968109533.227,32832589510.813023,2025-01-08 00:00:00
3325.1300293537356,ethereum,400602495132.5278,35080974963.72023,2025-01-09 00:00:00
3219.09284475812,ethereum,388324291231.471,30096896683.041233,2025-01-10 00:00:00
3269.1759954060667,ethereum,394101246876.45374,26722437003.95787,2025-01-11 00:00:00
3283.591322828503,ethereum,395839071861.3172,11047744222.743227,2025-01-12 00:00:00
3264.070968533687,ethereum,393199349088.32996,9699706283.258541,2025-01-13 00:00:00
3134.5520394596483,ethereum,377643507549.0125,41743898872.017,2025-01-14 00:00:00
3224.8006483414138,ethereum,388487746270.3852,22365842880.809456,2025-01-15 00:00:00
3447.0340476747956,ethereum,415058425772.0614,23773995063.828526,2025-01-16 00:00:00
3309.4466139900196,ethereum,398587196539.9218,25012556602.905136,2025-01-17 00:00:00
3477.284285084809,ethereum,419024911827.7939,27778832363.7708,2025-01-18 00:00:00
3309.0995676199964,ethereum,398761138447.4049,32195594202.134895,2025-01-19 00:00:00
3208.1365439891497,ethereum,388676714260.872,59678736709.7496,2025-01-20 00:00:00
3263.069869880814,ethereum,393073139255.5516,49563768850.78339,2025-01-21 00:00:00
3326.0285404709143,ethereum,400135429379.4123,33762939512.697853,2025-01-22 00:00:00
3237.2996671291435,ethereum,390083338462.87006,21782301388.383984,2025-01-23 00:00:00
3332.580893146162,ethereum,401547418905.6495,33863218042.431107,2025-01-24 00:00:00
3311.8499838687,ethereum,398942774193.46027,25895320216.868122,2025-01-25 00:00:00
3320.1314101789453,ethereum,400427749273.5654,12706329663.414034,2025-01-26 00:00:00
3232.2767744705584,ethereum,390058879989.8578,13000445022.22209,2025-01-27 00:00:00
3173.5346079397173,ethereum,382221069555.6103,41151086046.07612,2025-01-28 00:00:00
3076.4937692857234,ethereum,370532757630.7433,19807794444.483303,2025-01-29 00:00:00
3114.4358854363104,ethereum,375574817164.75665,22051422147.78046,2025-01-30 00:00:00
3248.249484352305,ethereum,391509879851.78656,19504592311.356525,2025-01-31 00:00:00
3296.390634843652,ethereum,396910231325.1062,31441846706.254246,2025-02-01 00:00:00
3125.0386801320924,ethereum,376840076476.98303,18969060074.552986,2025-02-02 00:00:00
2862.6976188716285,ethereum,344091054313.7205,38896518795.21238,2025-02-03 00:00:00
2877.8138239498767,ethereum,346820394641.11206,96588727629.45805,2025-02-04 00:00:00
2740.3809762760143,ethereum,329090090858.6241,52737830809.63367,2025-02-05 00:00:00
2790.5521609256075,ethereum,335828291113.4543,30026391038.27177,2025-02-06 00:00:00
2686.662316793651,ethereum,323756512126.7498,31349967107.97825,2025-02-07 00:00:00
2623.4507017824767,ethereum,315636240722.9841,30948837988.08186,2025-02-08 00:00:00
2635.6011418023404,ethereum,317758860998.56256,16335613332.591795,2025-02-09 00:00:00
2632.5358220552475,ethereum,317369673472.60657,17155535243.908037,2025-02-10 00:00:00
2660.2967996436387,ethereum,320711545303.1932,18843420567.42921,2025-02-11 00:00:00
2603.0333698049267,ethereum,313943237177.0695,21212910085.211273,2025-02-12 00:00:00
2736.2703136032396,ethereum,329492522913.44,26503660438.845695,2025-02-13 00:00:00
2675.7090007037627,ethereum,322584072350.2765,18938191215.29619,2025-02-14 00:00:00
2724.6698335873957,ethereum,328399065363.05505,17416785872.704834,2025-02-15 00:00:00
2692.8213863864253,ethereum,324625278431.52954,8896321414.559013,2025-02-16 00:00:00
2659.9017474093457,ethereum,320529173059.00665,8757895115.47748,2025-02-17 00:00:00
2741.9050800956124,ethereum,330464530098.92377,24666373348.432693,2025-02-18 00:00:00
2669.4945006896073,ethereum,321688672383.7524,24353300611.506603,2025-02-19 00:00:00
2714.8018364720533,ethereum,327248168186.7616,13398586820.912325,2025-02-20 00:00:00
2741.5933625994785,ethereum,330517520397.0965,14550027648.522171,2025-02-21 00:00:00
2658.3470942919384,ethereum,320508273451.5576,31770375573.3895,2025-02-22 00:00:00
2764.355233404291,ethereum,333381856893.82196,17576653979.14654,2025-02-23 00:00:00
2827.1844084879804,ethereum,340712999974.1412,21394599890.269897,2025-02-24 00:00:00
2503.103420098605,ethereum,301769340440.05,31014455208.756138,2025-02-25 00:00:00
2495.315451693047,ethereum,301064649480.5458,42875934003.323944,2025-02-26 00:00:00
2325.853934699374,ethereum,280668025121.2334,28109120496.698666,2025-02-27 00:00:00
2305.3229378029837,ethereum,277936135130.74036,89259450649.58,2025-02-28 00:00:00
2235.204208608959,ethereum,269516471615.1616,32905594283.00643,2025-03-01 00:00:00
2212.8243514969954,ethereum,266823935338.2421,16103021679.018568,2025-03-02 00:00:00
2517.3382391622977,ethereum,303306117779.7704,37907412347.33495,2025-03-03 00:00:00
2148.199533470228,ethereum,259111889993.75626,33501080617.480988,2025-03-04 00:00:00
2171.496943535016,ethereum,261805780842.5489,35524086282.76523,2025-03-05 00:00:00
2241.3841149187283,ethereum,270490243838.00568,22236307931.758247,2025-03-06 00:00:00
2202.3207363495417,ethereum,265270135615.0983,19895800679.328133,2025-03-07 00:00:00
2140.7498089428914,ethereum,257899503839.8083,21716710066.08888,2025-03-08 00:00:00
2199.9995000805707,ethereum,265129957012.69815,11257666715.795546,2025-03-09 00:00:00
2017.265460184326,ethereum,243298514477.01385,17577023963.685375,2025-03-10 00:00:00
1879.1231054991026,ethereum,226713493940.29108,36577317615.21765,2025-03-11 00:00:00
1921.3099227587034,ethereum,232024934655.6445,30046602111.893852,2025-03-12 00:00:00
1910.6551381032464,ethereum,230443739229.907,24499314730.70381,2025-03-13 00:00:00
1862.7949366490388,ethereum,224658866951.8703,19212414462.181553,2025-03-14 00:00:00
1910.6662703455045,ethereum,230476916425.01935,12949972214.265629,2025-03-15 00:00:00
1939.7856881721348,ethereum,233970291611.3664,6944891086.050841,2025-03-16 00:00:00
1887.7643429692785,ethereum,227688957214.28125,9486242392.181334,2025-03-17 00:00:00
1929.1833577618722,ethereum,232725366276.39935,11251166846.249075,2025-03-18 00:00:00
1932.7964059050657,ethereum,233152161415.72287,10887619567.393353,2025-03-19 00:00:00
2060.728601068271,ethereum,248434080718.19073,20374739988.65224,2025-03-20 00:00:00
1980.831780524645,ethereum,238984217654.16632,14303790085.616615,2025-03-21 00:00:00
1964.5293833168294,ethereum,236980043535.89395,9890112887.282015,2025-03-22 00:00:00
1979.5449257665966,ethereum,238753335160.5841,6195605844.536302,2025-03-23 00:00:00
2001.0470230951883,ethereum,241404254258.0785,7991413702.677865,2025-03-24 00:00:00
2077.739325831977,ethereum,250648654235.6259,15676451247.546822,2025-03-25 00:00:00
2068.598435049149,ethereum,249404519198.06433,12563169733.005245,2025-03-26 00:00:00
2009.8835432902426,ethereum,242347645799.6622,14024859854.906677,2025-03-27 00:00:00
2003.3034241292064,ethereum,241580699763.4796,12136188059.422693,2025-03-28 00:00:00
1896.9173600459985,ethereum,228784244898.24844,18419487648.39739,2025-03-29 00:00:00
1829.2745211803463,ethereum,220262156018.88525,12924117064.878807,2025-03-30 00:00:00
1805.3378779435934,ethereum,217784813538.97607,10056531345.160347,2025-03-31 00:00:00
1824.2071367609847,ethereum,219908040559.44638,17022367813.88877,2025-04-01 00:00:00
1907.1671522994227,ethereum,230031614721.63394,15899367803.5509,2025-04-02 00:00:00
1795.761850567479,ethereum,216667567217.00522,23450470660.978283,2025-04-03 00:00:00
1818.2844199542053,ethereum,219762279056.2319,16999031833.158594,2025-04-04 00:00:00
1814.4807753449506,ethereum,218925876283.93597,19459233591.298603,2025-04-05 00:00:00
1809.935827172196,ethereum,217957146409.9286,6780827627.545529,2025-04-06 00:00:00
1574.6321611455576,ethereum,190295586491.21872,23485484227.161697,2025-04-07 00:00:00
1555.909812570873,ethereum,188565143892.71408,49416724296.56089,2025-04-08 00:00:00
1471.3608854365523,ethereum,177496121145.5316,22451028357.384758,2025-04-09 00:00:00
1662.5331604641576,ethereum,200623016236.85327,41589589714.84994,2025-04-10 00:00:00
1523.928624242526,ethereum,183947227079.42554,20486375929.10568,2025-04-11 00:00:00
1568.131690125936,ethereum,189185664203.6754,14195085224.783228,2025-04-12 00:00:00
1645.8625733156498,ethereum,198696438258.60336,11756571644.476357,2025-04-13 00:00:00
1595.4227460001084,ethereum,192382635779.77805,13775001676.60885,2025-04-14 00:00:00
1621.543195596693,ethereum,195686083638.74744,15415724739.820591,2025-04-15 00:00:00
1587.8222244021401,ethereum,191837036865.40186,11786525215.180002,2025-04-16 00:00:00
1577.7073516760117,ethereum,190419833063.11868,13120084885.866234,2025-04-17 00:00:00
1583.4764497002345,ethereum,191135638825.23685,9437178720.867388,2025-04-18 00:00:00
1589.1516208270755,ethereum,191865697060.91525,5254078676.877919,2025-04-19 00:00:00
1615.0502549158562,ethereum,194945047366.35382,5148626529.402773,2025-04-20 00:00:00
1585.4600253443446,ethereum,191374869502.39386,6695768150.024456,2025-04-21 00:00:00
1577.4465595922347,ethereum,190376888818.46906,15275062279.387148,2025-04-22 00:00:00
1759.7064599311093,ethereum,212582611840.14056,24271980430.95098,2025-04-23 00:00:00
1793.969849485534,ethereum,216572719914.54987,22099177230.61867,2025-04-24 00:00:00
1769.3925107354407,ethereum,213593284213.58224,12923295609.972548,2025-04-25 00:00:00
1788.7981804331257,ethereum,215954892518.00418,15656748328.784924,2025-04-26 00:00:00
1821.2695303291391,ethereum,219830529458.7114,10293614895.776522,2025-04-27 00:00:00
1793.6918440730135,ethereum,216533502206.27112,9632458065.106846,2025-04-28 00:00:00
1799.50191449199,ethereum,217264115049.6792,16777384305.88931,2025-04-29 00:00:00
1796.9720456768928,ethereum,216596941729.71945,13994558644.11867,2025-04-30 00:00:00
1794.0495408617828,ethereum,216623334477.08453,13644627083.285889,2025-05-01 00:00:00
1838.8543285925753,ethereum,221969602979.55032,14310565589.052694,2025-05-02 00:00:00
1841.427590836958,ethereum,222269022299.2824,11686301446.49476,2025-05-03 00:00:00
1834.501911876416,ethereum,221494950784.02625,6704990478.824657,2025-05-04 00:00:00
1808.156093844096,ethereum,218216268630.8664,7479845748.828526,2025-05-05 00:00:00
1820.0044598893596,ethereum,219769896301.20087,10545233503.347864,2025-05-06 00:00:00
1816.1686943818438,ethereum,219305875804.55966,11950393736.527246,2025-05-07 00:00:00
1810.3169269284476,ethereum,218569578701.42172,47111217119.49919,2025-05-08 00:00:00
2197.5611893238784,ethereum,264994998215.9445,35992825075.05399,2025-05-09 00:00:00
2341.407963002621,ethereum,282636716534.08844,44566779461.54657,2025-05-10 00:00:00
2583.6829051429513,ethereum,312095621694.1442,29947910159.02891,2025-05-11 00:00:00
2507.4693107597423,ethereum,302727255563.5134,26138286410.23315,2025-05-12 00:00:00
2492.426391077375,ethereum,300976824863.0343,31524626114.978752,2025-05-13 00:00:00
2676.639163127913,ethereum,322977150438.36176,32279895881.637806,2025-05-14 00:00:00
2603.7180887199615,ethereum,314022060127.0501,28150234190.931705,2025-05-15 00:00:00
2542.296692466797,ethereum,306933361055.9317,26211434557.7159,2025-05-16 00:00:00
2544.3870377235667,ethereum,307619694635.7725,21130441534.96637,2025-05-17 00:00:00
2475.0543933696913,ethereum,298789831687.0011,17185510890.702347,2025-05-18 00:00:00
2465.3409856139087,ethereum,296863390804.2497,24797434472.364086,2025-05-19 00:00:00
2526.989643891319,ethereum,305077067863.0779,25363871274.82505,2025-05-20 00:00:00
2524.2743433146065,ethereum,304737250158.37354,22871462735.416794,2025-05-21 00:00:00
2558.9502343769486,ethereum,308934701949.7151,32697477527.54695,2025-05-22 00:00:00
2657.1674447566115,ethereum,320733890913.39886,29592612076.505535,2025-05-23 00:00:00
2519.813809045145,ethereum,304038733414.03973,30047329191.503662,2025-05-24 00:00:00
2529.4429842284353,ethereum,305369227833.4215,10744994421.192684,2025-05-25 00:00:00
2546.6201163370915,ethereum,307423642894.0653,13814697849.726278,2025-05-26 00:00:00
2562.1729286392238,ethereum,309319360637.78375,13350148034.293623,2025-05-27 00:00:00
2662.0940568241435,ethereum,321357595434.52185,26434151855.253853,2025-05-28 00:00:00
2676.2674124507,ethereum,323119009777.13904,18008588586.284103,2025-05-29 00:00:00
2633.1392065286695,ethereum,317891224562.8813,27021441335.5195,2025-05-30 00:00:00
2524.4762348050726,ethereum,304659964725.2192,22927149330.30469,2025-05-31 00:00:00
2532.3627853090866,ethereum,305718505778.76434,13006751258.18768,2025-06-01 00:00:00
2538.3300584367485,ethereum,306561765778.2403,11338340571.11249,2025-06-02 00:00:00
2609.737253959435,ethereum,314999579353.95825,15623967732.418657,2025-06-03 00:00:00
2595.4689570062997,ethereum,313315832347.0171,15955008730.338179,2025-06-04 00:00:00
2610.343189828259,ethereum,315159803382.89014,16809606446.176416,2025-06-05 00:00:00
2421.601103763502,ethereum,292341916400.9464,25849573159.64817,2025-06-06 00:00:00
2481.4039836690267,ethereum,299560106673.7574,18395107930.47655,2025-06-07 00:00:00
2526.291995889778,ethereum,304953508465.0457,9535426814.691927,2025-06-08 00:00:00
2508.784123584585,ethereum,302870081038.261,10206893115.537256,2025-06-09 00:00:00
2685.0001850413178,ethereum,324315565109.11993,19485734665.28548,2025-06-10 00:00:00
2808.503208314919,ethereum,339012253954.4242,38281210143.95115,2025-06-11 00:00:00
2776.1371915822333,ethereum,334990282503.402,27369030837.548595,2025-06-12 00:00:00
2653.158968452672,ethereum,320595535562.5316,26068993569.969894,2025-06-13 00:00:00
2577.04861752583,ethereum,311111352117.7261,38576471746.00814,2025-06-14 00:00:00
2534.0702195359518,ethereum,306048481935.1591,12077031034.291521,2025-06-15 00:00:00
2547.8456040920437,ethereum,307537228689.2678,11678912429.510712,2025-06-16 00:00:00
2561.329843569428,ethereum,309982828015.90594,24222149649.172424,2025-06-17 00:00:00
2514.986700576147,ethereum,303697873489.69434,25926506708.040215,2025-06-18 00:00:00
2521.3334233964915,ethereum,304290652058.44,17800721253.243202,2025-06-19 00:00:00
2522.1791903642184,ethereum,304481216643.1207,10392473841.155851,2025-06-20 00:00:00
2405.695434213183,ethereum,290401843920.2328,20482816663.29469,2025-06-21 00:00:00
2270.581996055585,ethereum,273839538572.25955,16155611764.84833,2025-06-22 00:00:00
2227.4287266371684,ethereum,268777741291.43988,28181442532.315876,2025-06-23 00:00:00
2423.899644268608,ethereum,292612668627.3885,25494295400.420887,2025-06-24 00:00:00
2446.539301545049,ethereum,295402538889.65454,19669025068.963604,2025-06-25 00:00:00
2417.2267855277296,ethereum,291827501114.87933,15513055665.262428,2025-06-26 00:00:00
2415.031864876594,ethereum,291547094716.2168,16271811388.723804,2025-06-27 00:00:00
2423.0302896731746,ethereum,292419308271.8665,13100825617.816572,2025-06-28 00:00:00
2437.133001780241,ethereum,294208600645.2538,5787313890.541637,2025-06-29 00:00:00
2502.6672721177083,ethereum,302158279316.21674,10236257918.833096,2025-06-30 00:00:00
2488.190781689803,ethereum,300388851494.49866,16306915984.938057,2025-07-01 00:00:00
2405.1045592800183,ethereum,290294455719.4809,12933967031.524443,2025-07-02 00:00:00
2574.067718495133,ethereum,310930535640.4307,21862573614.17975,2025-07-03 00:00:00
2590.132231590221,ethereum,312621047413.045,19823369642.62606,2025-07-04 00:00:00
2509.236345783362,ethereum,302827514359.61035,16377116416.187033,2025-07-05 00:00:00
2517.37917835065,ethereum,304028836772.5733,6801276942.284494,2025-07-06 00:00:00
2571.358192115984,ethereum,310345645222.7514,9051659015.949968,2025-07-07 00:00:00
2543.6317028067488,ethereum,307013209348.5054,15947822897.049152,2025-07-08 00:00:00
2615.7759888945047,ethereum,315738597830.34283,14750377128.581295,2025-07-09 00:00:00
2772.5795626609174,ethereum,335050165487.70404,26626246774.244656,2025-07-10 00:00:00
2948.4462027029053,ethereum,355346738000.49475,39308824585.23128,2025-07-11 00:00:00
2958.8514450990992,ethereum,357144054434.9151,42455550664.554665,2025-07-12 00:00:00
2942.9616055388096,ethereum,355216449018.5163,17472135946.60354,2025-07-13 00:00:00
2974.2654952333387,ethereum,359110100026.3572,18605172049.087772,2025-07-14 00:00:00
3012.1797069059276,ethereum,363606274489.50854,41336421998.04408,2025-07-15 00:00:00
3133.069857747011,ethereum,378233206915.81635,43416230283.76601,2025-07-16 00:00:00
3368.126521526108,ethereum,406599729410.5382,54882159731.0286,2025-07-17 00:00:00
3481.8828152374017,ethereum,420347293649.25085,45678965280.66659,2025-07-18 00:00:00
3547.317079001209,ethereum,427841866746.5711,72535524453.98022,2025-07-19 00:00:00
3594.3185010809702,ethereum,433877664505.94135,27017909119.384834,2025-07-20 00:00:00
3758.605581813957,ethereum,453825859015.21515,55175056732.09093,2025-07-21 00:00:00
3765.453624023574,ethereum,454513156113.6638,47245582310.60992,2025-07-22 00:00:00
3746.9406687316323,ethereum,452355960897.77356,52357062545.19388,2025-07-23 00:00:00
3630.053531480921,ethereum,438111570682.8548,47655045407.89862,2025-07-24 00:00:00
3708.4299352383423,ethereum,447620332487.87305,47332291813.01175,2025-07-25 00:00:00
3723.0529092785596,ethereum,449379722345.43585,48622472830.12327,2025-07-26 00:00:00
3742.4314258659915,ethereum,451746443518.379,25352434514.72998,2025-07-27 00:00:00
3864.1248374654765,ethereum,466077664312.2753,26045280361.31318,2025-07-28 00:00:00
3786.303845995956,ethereum,457680388920.6686,38743589826.42135,2025-07-29 00:00:00
3788.5983716058226,ethereum,457213828532.1186,34923369443.87463,2025-07-30 00:00:00
3807.4166010824188,ethereum,459449027043.4022,28710848449.745983,2025-07-31 00:00:00
3696.6628530851194,ethereum,446264222707.4442,31312115686.896267,2025-08-01 00:00:00
3483.1789551579504,ethereum,420327732498.14484,42431734230.15089,2025-08-02 00:00:00
3397.4855484143177,ethereum,410229849339.571,28164675444.895985,2025-08-03 00:00:00
3497.573127822404,ethereum,422223994717.4719,18338718249.174084,2025-08-04 00:00:00
3715.7090148550706,ethereum,448517239894.4303,28536476594.95387,2025-08-05 00:00:00
3612.442432236669,ethereum,436373875222.1905,29411744198.367584,2025-08-06 00:00:00
3684.0459195726726,ethereum,444737780081.9074,23256150904.877857,2025-08-07 00:00:00
3911.2609462690816,ethereum,471838906504.6792,31981627910.70641,2025-08-08 00:00:00
4012.97697001236,ethereum,484483868122.1773,37861934037.3479,2025-08-09 00:00:00
4265.563258333516,ethereum,514414914903.2612,37686735734.66866,2025-08-10 00:00:00
4253.591618951185,ethereum,513073639261.6181,26481154882.304214,2025-08-11 00:00:00
4228.824213261163,ethereum,510225780028.6237,43010572110.88258,2025-08-12 00:00:00
4606.809427709522,ethereum,556502855391.5187,52840297700.59488,2025-08-13 00:00:00
4763.652535322159,ethereum,575091067506.1215,58870844448.59354,2025-08-14 00:00:00
4554.291501538621,ethereum,551514703070.4648,66924319529.18441,2025-08-15 00:00:00
4430.532465017841,ethereum,534578587192.13434,50038927770.639565,2025-08-16 00:00:00
4426.826913311333,ethereum,534150282399.6513,21104759591.061535,2025-08-17 00:00:00
4487.118013759226,ethereum,541923097741.9142,28100356151.382523,2025-08-18 00:00:00
4317.2757573282315,ethereum,520793172158.0575,43935703176.22011,2025-08-19 00:00:00
4074.495786100515,ethereum,491872355111.46844,41626342123.38552,2025-08-20 00:00:00
4330.491598768078,ethereum,523004794309.38104,39857177022.84433,2025-08-21 00:00:00
4224.438592580698,ethereum,509951239220.54224,21703206731.83165,2025-08-22 00:00:00
4829.225541798332,ethereum,582817007170.4178,61856673933.04883,2025-08-23 00:00:00
4773.884088598777,ethereum,576242312916.0488,27814037595.094646,2025-08-24 00:00:00
4778.10916071381,ethereum,577227233251.8729,41157770217.98017,2025-08-25 00:00:00
4381.626176071471,ethereum,529509245849.7141,48217069690.885376,2025-08-26 00:00:00
4602.369685333965,ethereum,555061696726.733,35263906282.176544,2025-08-27 00:00:00
4500.1451479982325,ethereum,543608856125.4653,35898825608.295586,2025-08-28 00:00:00
4507.560431032719,ethereum,543249516158.12427,29189873860.227936,2025-08-29 00:00:00
4364.358521430426,ethereum,526830870964.3115,38006835596.328514,2025-08-30 00:00:00
4373.360357620914,ethereum,527539496668.2519,19199178188.100254,2025-08-31 00:00:00
4388.931464519364,ethereum,529740073153.04834,22269795530.723904,2025-09-01 00:00:00
4303.202222745541,ethereum,519534784996.7176,31725195638.84437,2025-09-02 00:00:00
4325.856306225941,ethereum,521450862214.85895,32990260980.341236,2025-09-03 00:00:00
4449.8670977283255,ethereum,537549763927.1384,30818352470.84173,2025-09-04 00:00:00
4298.094660544595,ethereum,519319443328.1493,29893273380.076374,2025-09-05 00:00:00
4306.613513100346,ethereum,519830732357.0378,37950930494.82325,2025-09-06 00:00:00
4273.110024157841,ethereum,515852185188.91895,14497961323.191992,2025-09-07 00:00:00
4304.032421076036,ethereum,519663340480.02106,14920604279.616674,2025-09-08 00:00:00
4309.685702772004,ethereum,519912892077.1541,26393884729.75394,2025-09-09 00:00:00
4309.342746120013,ethereum,520461727067.3641,28408982228.170376,2025-09-10 00:00:00
4347.476803670656,ethereum,524803924739.0028,34848418445.62599,2025-09-11 00:00:00
4459.31901599882,ethereum,538261336997.6129,33593064568.960487,2025-09-12 00:00:00
4708.841744149995,ethereum,567724477218.3574,39138140052.58744,2025-09-13 00:00:00
4667.699652630318,ethereum,563397805739.7904,30452117451.68358,2025-09-14 00:00:00
4609.786110950785,ethereum,556354045428.2224,23827529566.903904,2025-09-15 00:00:00
4524.244939102515,ethereum,545926863107.31946,33863743706.690956,2025-09-16 00:00:00
4504.266635522813,ethereum,543407922913.00836,28053763147.05997,2025-09-17 00:00:00
4591.768794331328,ethereum,554600592896.1794,41727122821.76891,2025-09-18 00:00:00
4590.6367372135155,ethereum,554210013387.6136,29381752919.13096,2025-09-19 00:00:00
4470.479474009387,ethereum,539242810184.06946,28156319659.26727,2025-09-20 00:00:00
4481.799472368209,ethereum,540941822331.27405,14314030981.454111,2025-09-21 00:00:00
4452.87113037789,ethereum,537406899904.3973,15910684640.581882,2025-09-22 00:00:00
4199.951774017639,ethereum,507148578276.2705,52988093949.58233,2025-09-23 00:00:00
4171.49663669065,ethereum,502154309430.07214,46313946229.55693,2025-09-23 04:38:44
